{
	"exclude": {
		"common": {
			"file": [
			],
			"dir": [
			]
		},
		"dev": {
			"file": [
				"./.gitignore",
				"./package.json",
				"./gulpfile.js",
				"./Jenkinsfile.groovy",
				"./pipeline_config.json"
			],
			"dir": [
				"./.git"
			]
		},
		"prod": {
			"file": [
				"./.gitignore",
				"./package.json",
				"./gulpfile.js",
				"./Jenkinsfile.groovy",
				"./pipeline_config.json"
			],
			"dir": [
				"./.git"
			]
		},
		"master": {
			"file": [
				"./.gitignore",
				"./package.json",
				"./gulpfile.js",
				"./Jenkinsfile.groovy",
				"./pipeline_config.json"
			],
			"dir": [
				"./.git"
			]
		}
	},
	"keep_node_modules": {
		"dev": false,
		"prod": false,
		"master": false
	},
	"artifact_keep": {
		"dev": false,
		"prod": true,
		"master": true
	},
	"artifact_host": "novembit@192.168.45.11",
	"artifact_path": "/home/novembit/packages/gamify/",
	"deploy_host": "novembit@192.168.45.11",
	"deploy_path": {
		"dev": "/var/www/testserver123.com/boombox_test/wp-content/plugins/gamify",
		"prod": "/var/www/testserver123.com/gamify-prod/wp-content/plugins/gamify",
		"master": "/var/www/testserver123.com/gamify-master/wp-content/plugins/gamify"
	}
}